<PPMCONFIG>
    <PPMVER>0,9,5,0</PPMVER>
    <PLATFORM CPU="x86" OSVALUE="MSWin32" OSVERSION="4,0,0,0" />
    <OPTIONS BUILDDIR="C:\TEMP" CLEAN="Yes" CONFIRM="Yes" FORCEINSTALL="Yes" IGNORECASE="Yes" MORE="0" ROOT="C:\Perl" />
    
    

<REPOSITORY LOCATION="http://www.ActiveState.com/packages" NAME="ActiveState Package Repository" /><PPMPRECIOUS>PPM;Archive-Tar;Compress-Zlib;libwww-perl;XML-Parser;XML-Element;Mime-Base64;HTML-Parser</PPMPRECIOUS><PACKAGE NAME="PPM">
<LOCATION>http://www.activestate.com/packages</LOCATION>
<INSTPACKLIST>C:\Perl\lib/auto/PPM/.packlist</INSTPACKLIST>
<INSTROOT>C:\Perl</INSTROOT>
<INSTDATE>Fri Oct  2 16:14:32 1998</INSTDATE>
<INSTPPD>
<SOFTPKG NAME="PPM" VERSION="0,9,5,0">
<TITLE>PPM</TITLE>
<ABSTRACT>Perl Package Manager: locate, install, upgrade software packages.</ABSTRACT>
<AUTHOR>ActiveState Tool Corp.</AUTHOR>
<IMPLEMENTATION>
<DEPENDENCY NAME="Compress-Zlib" VERSION="" />
<DEPENDENCY NAME="libwww-perl" VERSION="" />
<DEPENDENCY NAME="Archive-Tar" VERSION="" />
<DEPENDENCY NAME="Mime-Base64" VERSION="" />
<DEPENDENCY NAME="XML-Parser" VERSION="" />
<DEPENDENCY NAME="XML-Element" VERSION="" />
<CODEBASE HREF="x86/PPM.tar.gz" />
<INSTALL />
<UNINSTALL />
</IMPLEMENTATION>
</SOFTPKG>
</INSTPPD>
</PACKAGE>

<PACKAGE NAME="Archive-Tar">
<LOCATION>http://www.activestate.com/packages</LOCATION>
<INSTPACKLIST>C:\Perl\site\lib/auto/Archive-Tar/.packlist</INSTPACKLIST>
<INSTROOT>C:\Perl</INSTROOT>
<INSTDATE>Fri Oct  2 16:14:37 1998</INSTDATE>
<INSTPPD>
<SOFTPKG NAME="Archive-Tar" VERSION="0,071,0,0">
<TITLE>Archive-Tar</TITLE>
<ABSTRACT>module for manipulation of tar archives.</ABSTRACT>
<AUTHOR>Calle Dybedahl</AUTHOR>
<IMPLEMENTATION>
<CODEBASE HREF="x86/Archive-Tar.tar.gz" />
<INSTALL />
<UNINSTALL />
</IMPLEMENTATION>
</SOFTPKG>
</INSTPPD>
</PACKAGE>

<PACKAGE NAME="MIME-Base64">
<LOCATION>http://www.ActiveState.com/packages</LOCATION>
<INSTPACKLIST>C:\Perl\site\lib/auto/MIME-Base64/.packlist</INSTPACKLIST>
<INSTROOT>C:\Perl</INSTROOT>
<INSTDATE>Fri Nov 13 14:05:30 1998</INSTDATE>
<INSTPPD>
<SOFTPKG NAME="MIME-Base64" VERSION="2,08,0,0">
<TITLE>MIME-Base64</TITLE>
<ABSTRACT>Encoding and decoding of base64 strings</ABSTRACT>
<AUTHOR>Gisle Aas (gisle@aas.no)</AUTHOR>
<IMPLEMENTATION>
<CODEBASE HREF="x86/MIME-Base64.tar.gz" />
<INSTALL />
<UNINSTALL />
</IMPLEMENTATION>
</SOFTPKG>
</INSTPPD>
</PACKAGE>

<PACKAGE NAME="libwww-perl">
<LOCATION>http://www.activestate.com/packages</LOCATION>
<INSTPACKLIST>C:\Perl\site\lib/auto/libwww-perl/.packlist</INSTPACKLIST>
<INSTROOT>C:\Perl</INSTROOT>
<INSTDATE>Fri Oct  2 16:15:15 1998</INSTDATE>
<INSTPPD>
<SOFTPKG NAME="libwww-perl" VERSION="5,36,0,0">
<TITLE>libwww-perl</TITLE>
<ABSTRACT>Library for WWW access in Perl</ABSTRACT>
<AUTHOR>Gisle Aas</AUTHOR>
<IMPLEMENTATION>
<CODEBASE HREF="x86/libwww-perl.tar.gz" />
<INSTALL />
<UNINSTALL />
</IMPLEMENTATION>
</SOFTPKG>
</INSTPPD>
</PACKAGE>

<PACKAGE NAME="XML-Element">
<LOCATION>http://www.activestate.com/packages</LOCATION>
<INSTPACKLIST>C:\Perl\site\lib/auto/XML-Element/.packlist</INSTPACKLIST>
<INSTROOT>C:\Perl</INSTROOT>
<INSTDATE>Fri Oct  2 16:16:03 1998</INSTDATE>
<INSTPPD>
<SOFTPKG NAME="XML-Element" VERSION="0,10,0,0">
<TITLE>XML-Element</TITLE>
<ABSTRACT>Base element class for XML elements</ABSTRACT>
<AUTHOR>ActiveState Tool Corporation</AUTHOR>
<IMPLEMENTATION>
<DEPENDENCY NAME="XML-Parser" VERSION="" />
<CODEBASE HREF="x86/XML-Element.tar.gz" />
<INSTALL />
<UNINSTALL />
</IMPLEMENTATION>
</SOFTPKG>
</INSTPPD>
</PACKAGE>

<PACKAGE NAME="XML-Parser">
<LOCATION>http://www.activestate.com/packages</LOCATION>
<INSTPACKLIST>C:\Perl\site\lib/auto/XML-Parser/.packlist</INSTPACKLIST>
<INSTROOT>C:\Perl</INSTROOT>
<INSTDATE>Fri Oct  2 16:16:03 1998</INSTDATE>
<INSTPPD>
<SOFTPKG NAME="XML-Parser" VERSION="2,09,0,0">
<TITLE>XML-Parser</TITLE>
<ABSTRACT>A Perl module for parsing XML documents</ABSTRACT>
<AUTHOR>Clark Cooper (coopercl@sch.ge.com)</AUTHOR>
<IMPLEMENTATION>
<CODEBASE HREF="x86/XML-Parser.tar.gz" />
<INSTALL />
<UNINSTALL />
</IMPLEMENTATION>
</SOFTPKG>
</INSTPPD>
</PACKAGE>

<PACKAGE NAME="Compress-Zlib">
<LOCATION>http://www.activestate.com/packages</LOCATION>
<INSTPACKLIST>C:\Perl\site\lib/auto/XML-Parser/.packlist</INSTPACKLIST>
<INSTROOT>C:\Perl</INSTROOT>
<INSTDATE>Fri Oct  2 16:16:03 1998</INSTDATE>
<INSTPPD>
<SOFTPKG NAME="Compress-Zlib" VERSION="1,01,0,0">
<TITLE>Compress-Zlib</TITLE>
<ABSTRACT>Interface to zlib compression library</ABSTRACT>
<AUTHOR>Paul Marquess (pmarquess@bfsec.bt.co.uk)</AUTHOR>
<IMPLEMENTATION>
<CODEBASE HREF="x86/Compress-Zlib.tar.gz" />
<INSTALL />
<UNINSTALL />
</IMPLEMENTATION>
</SOFTPKG>
</INSTPPD>
</PACKAGE>

</PPMCONFIG>